CRDID,firmName,conflictIMID,exchangeID,defaultIMIDFlag
8209,MORGAN STANLEY & CO. LLC,1,MIAMI,
35874,SUSQUEHANNA SECURITIES, LLC,1,EMLD,
36848,WOLVERINE TRADING, LLC,1,PEARL,
102500,ARCHIPELAGO SECURITIES L.L.C.,1,PEARLEQ,
361,GOLDMAN SACHS & CO. LLC,10,BOX,
7654,UBS SECURITIES LLC,10,PEARLEQ,
8209,MORGAN STANLEY & CO. LLC,10,EMLD,
35874,SUSQUEHANNA SECURITIES, LLC,10,MIAMI,
104143,IMC FINANCIAL MARKETS,10,PEARL,
2347,JEFFERIES LLC,100,PEARL,
130030,TRADEMAS INC.,100,NYSE,
145357,XR SECURITIES LLC,100,PHLX,
877,WEDBUSH SECURITIES INC.,103,BOX,
877,WEDBUSH SECURITIES INC.,103,ISE,
877,WEDBUSH SECURITIES INC.,103,PHLX,
104031,DASH FINANCIAL TECHNOLOGIES LLC,103,PEARL,
7654,UBS SECURITIES LLC,104,GEMX,
7654,UBS SECURITIES LLC,104,ISE,
7654,UBS SECURITIES LLC,104,MRX,
7654,UBS SECURITIES LLC,104,PHLX,
104031,DASH FINANCIAL TECHNOLOGIES LLC,104,PEARL,
133849,MERIDIAN EQUITY PARTNERS, INC.,1051,NYSE,
145994,PENSERRA SECURITIES, LLC,1051,CHX,
816,CREDIT SUISSE SECURITIES (USA) LLC,106,BOX,
104031,DASH FINANCIAL TECHNOLOGIES LLC,106,PEARL,
157067,FOG EQUITIES LLC,106,CHX,
877,WEDBUSH SECURITIES INC.,108,BOX,
104031,DASH FINANCIAL TECHNOLOGIES LLC,108,GEMX,
104031,DASH FINANCIAL TECHNOLOGIES LLC,108,ISE,
104031,DASH FINANCIAL TECHNOLOGIES LLC,108,MRX,
104031,DASH FINANCIAL TECHNOLOGIES LLC,108,PHLX,
153585,SIMPLEX TRADING, LLC,108,PEARL,
361,GOLDMAN SACHS & CO. LLC,109,PEARL,
104031,DASH FINANCIAL TECHNOLOGIES LLC,109,PHLX,
145994,PENSERRA SECURITIES, LLC,109,CHX,
32889,PRIME EXECUTIONS, INC.,11,NYSE,
36848,WOLVERINE TRADING, LLC,11,EMLD,
36848,WOLVERINE TRADING, LLC,11,MIAMI,
148960,TWO SIGMA SECURITIES, LLC,11,PEARL,
283942,BOFA SECURITIES, INC.,11,PEARLEQ,
361,GOLDMAN SACHS & CO. LLC,111,PEARL,
13071,APEX CLEARING CORPORATION,111,BOX,
104031,DASH FINANCIAL TECHNOLOGIES LLC,112,PEARL,
153585,SIMPLEX TRADING, LLC,112,GEMX,
153585,SIMPLEX TRADING, LLC,112,ISE,
153585,SIMPLEX TRADING, LLC,112,MRX,
153585,SIMPLEX TRADING, LLC,112,NOBO,
153585,SIMPLEX TRADING, LLC,112,NOM,
153585,SIMPLEX TRADING, LLC,112,PHLX,
8209,MORGAN STANLEY & CO. LLC,113,NYSE,
36848,WOLVERINE TRADING, LLC,113,GEMX,
36848,WOLVERINE TRADING, LLC,113,ISE,
36848,WOLVERINE TRADING, LLC,113,MRX,
36848,WOLVERINE TRADING, LLC,113,NOBO,
36848,WOLVERINE TRADING, LLC,113,NOM,
36848,WOLVERINE TRADING, LLC,113,PHLX,
104031,DASH FINANCIAL TECHNOLOGIES LLC,113,PEARL,
14020,ABN AMRO CLEARING CHICAGO LLC,114,NOM,
104031,DASH FINANCIAL TECHNOLOGIES LLC,114,PEARL,
28196,TULLETT PREBON FINANCIAL SERVICES LLC,115,NYSE,
104031,DASH FINANCIAL TECHNOLOGIES LLC,115,PEARL,
120719,WOLVERINE EXECUTION SERVICES, LLC,115,GEMX,
120719,WOLVERINE EXECUTION SERVICES, LLC,115,ISE,
120719,WOLVERINE EXECUTION SERVICES, LLC,115,MRX,
120719,WOLVERINE EXECUTION SERVICES, LLC,115,PHLX,
104031,DASH FINANCIAL TECHNOLOGIES LLC,116,PEARL,
120719,WOLVERINE EXECUTION SERVICES, LLC,116,PHLX,
104031,DASH FINANCIAL TECHNOLOGIES LLC,117,PEARL,
132605,BELVEDERE TRADING LLC,117,NOM,
104031,DASH FINANCIAL TECHNOLOGIES LLC,118,PEARL,
120719,WOLVERINE EXECUTION SERVICES, LLC,118,PHLX,
145994,PENSERRA SECURITIES, LLC,118,CHX,
36848,WOLVERINE TRADING, LLC,12,EMLD,
104143,IMC FINANCIAL MARKETS,12,MIAMI,
153585,SIMPLEX TRADING, LLC,12,PEARL,
283942,BOFA SECURITIES, INC.,12,PEARLEQ,
35874,SUSQUEHANNA SECURITIES, LLC,121,ISE,
104031,DASH FINANCIAL TECHNOLOGIES LLC,121,PEARL,
42324,DOUGALL & ASSOCIATES INC.,122,CHX,
104031,DASH FINANCIAL TECHNOLOGIES LLC,122,PEARL,
35874,SUSQUEHANNA SECURITIES, LLC,123,ISE,
104031,DASH FINANCIAL TECHNOLOGIES LLC,123,PEARL,
153585,SIMPLEX TRADING, LLC,123,BOX,
35874,SUSQUEHANNA SECURITIES, LLC,124,ISE,
104031,DASH FINANCIAL TECHNOLOGIES LLC,124,PEARL,
35874,SUSQUEHANNA SECURITIES, LLC,125,ISE,
104031,DASH FINANCIAL TECHNOLOGIES LLC,125,PEARL,
35874,SUSQUEHANNA SECURITIES, LLC,126,ISE,
37484,GROUP ONE TRADING, L.P.,126,BOX,
104031,DASH FINANCIAL TECHNOLOGIES LLC,126,PEARL,
35874,SUSQUEHANNA SECURITIES, LLC,127,ISE,
104031,DASH FINANCIAL TECHNOLOGIES LLC,127,PEARL,
35874,SUSQUEHANNA SECURITIES, LLC,128,ISE,
104031,DASH FINANCIAL TECHNOLOGIES LLC,128,PEARL,
104031,DASH FINANCIAL TECHNOLOGIES LLC,129,PEARL,
159283,CLEAR STREET MARKETS LLC,129,PHLX,
18377,ROSENBLATT SECURITIES INC.,13,NYSE,
36848,WOLVERINE TRADING, LLC,13,EMLD,
37484,GROUP ONE TRADING, L.P.,13,MIAMI,
153585,SIMPLEX TRADING, LLC,13,PEARL,
283942,BOFA SECURITIES, INC.,13,PEARLEQ,
31559,PTR, INC.,130,PHLX,
104031,DASH FINANCIAL TECHNOLOGIES LLC,130,PEARL,
104031,DASH FINANCIAL TECHNOLOGIES LLC,131,PEARL,
136801,LARGO TRADING, L.P.,131,PHLX,
35874,SUSQUEHANNA SECURITIES, LLC,134,ISE,
104031,DASH FINANCIAL TECHNOLOGIES LLC,134,PEARL,
104031,DASH FINANCIAL TECHNOLOGIES LLC,136,PEARL,
126407,GLOBAL EXECUTION BROKERS, LP,136,PHLX,
38455,MATRIX EXECUTIONS, LLC,137,NOM,
104031,DASH FINANCIAL TECHNOLOGIES LLC,137,PEARL,
33038,DRIVEWEALTH INSTITUTIONAL LLC,139,NYSE,
35874,SUSQUEHANNA SECURITIES, LLC,139,PHLX,
104031,DASH FINANCIAL TECHNOLOGIES LLC,139,PEARL,
37484,GROUP ONE TRADING, L.P.,14,MIAMI,
128030,OPTIVER US LLC,14,EMLD,
153585,SIMPLEX TRADING, LLC,14,PEARL,
283942,BOFA SECURITIES, INC.,14,PEARLEQ,
134284,RQD* CLEARING, LLC,140,PEARL,
145357,XR SECURITIES LLC,140,NOM,
32754,MARK J. MULLER EQUITIES, INC.,141,NYSE,
104031,DASH FINANCIAL TECHNOLOGIES LLC,141,PEARL,
157067,FOG EQUITIES LLC,141,CHX,
13041,NATIONAL FINANCIAL SERVICES LLC,142,ISE,
13041,NATIONAL FINANCIAL SERVICES LLC,142,PHLX,
134284,RQD* CLEARING, LLC,142,PEARL,
44257,HAP TRADING, LLC,144,GEMX,
44257,HAP TRADING, LLC,144,ISE,
44257,HAP TRADING, LLC,144,NOBO,
44257,HAP TRADING, LLC,144,NOM,
44257,HAP TRADING, LLC,144,PHLX,
134284,RQD* CLEARING, LLC,144,PEARL,
35874,SUSQUEHANNA SECURITIES, LLC,148,NOM,
134284,RQD* CLEARING, LLC,148,PEARL,
19714,BARCLAYS CAPITAL INC.,15,PEARLEQ,
37484,GROUP ONE TRADING, L.P.,15,MIAMI,
128030,OPTIVER US LLC,15,EMLD,
153585,SIMPLEX TRADING, LLC,15,PEARL,
134284,RQD* CLEARING, LLC,150,PEARL,
157067,FOG EQUITIES LLC,150,CHX,
134284,RQD* CLEARING, LLC,151,PEARL,
157067,FOG EQUITIES LLC,151,CHX,
134284,RQD* CLEARING, LLC,152,PEARL,
145994,PENSERRA SECURITIES, LLC,152,CHX,
132605,BELVEDERE TRADING LLC,153,PHLX,
134284,RQD* CLEARING, LLC,153,PEARL,
134284,RQD* CLEARING, LLC,154,PEARL,
140345,AMERICAS EXECUTIONS, LLC,154,NYSE,
157067,FOG EQUITIES LLC,154,CHX,
116797,CITADEL SECURITIES LLC,155,NYSE,
134284,RQD* CLEARING, LLC,155,PEARL,
145994,PENSERRA SECURITIES, LLC,155,CHX,
35874,SUSQUEHANNA SECURITIES, LLC,157,PHLX,
38455,MATRIX EXECUTIONS, LLC,157,PEARL,
13071,APEX CLEARING CORPORATION,158,BOX,
13071,APEX CLEARING CORPORATION,158,ISE,
13071,APEX CLEARING CORPORATION,158,PHLX,
33725,SRT SECURITIES LLC,158,CHX,
38455,MATRIX EXECUTIONS, LLC,158,PEARL,
33725,SRT SECURITIES LLC,159,CHX,
128351,SG AMERICAS SECURITIES, LLC,159,NOBO,
134284,RQD* CLEARING, LLC,159,PEARL,
37484,GROUP ONE TRADING, L.P.,16,MIAMI,
46300,TJM INVESTMENTS, LLC,16,NYSE,
116797,CITADEL SECURITIES LLC,16,PEARLEQ,
128030,OPTIVER US LLC,16,EMLD,
153585,SIMPLEX TRADING, LLC,16,PEARL,
31730,CUTLER GROUP, LLC,161,PEARL,
46300,TJM INVESTMENTS, LLC,161,NYSE,
283942,BOFA SECURITIES, INC.,161,BOX,
283942,BOFA SECURITIES, INC.,161,MRX,
283942,BOFA SECURITIES, INC.,161,NOBO,
283942,BOFA SECURITIES, INC.,161,NOM,
31730,CUTLER GROUP, LLC,163,PEARL,
120719,WOLVERINE EXECUTION SERVICES, LLC,163,NOM,
28269,TRADITION SECURITIES AND DERIVATIVES LLC,165,ISE,
28269,TRADITION SECURITIES AND DERIVATIVES LLC,165,PHLX,
38455,MATRIX EXECUTIONS, LLC,165,PEARL,
145994,PENSERRA SECURITIES, LLC,165,CHX,
38455,MATRIX EXECUTIONS, LLC,166,PEARL,
157067,FOG EQUITIES LLC,166,CHX,
38455,MATRIX EXECUTIONS, LLC,167,PEARL,
132605,BELVEDERE TRADING LLC,167,PHLX,
28269,TRADITION SECURITIES AND DERIVATIVES LLC,168,PHLX,
38455,MATRIX EXECUTIONS, LLC,168,PEARL,
7270,NASDAQ EXECUTION SERVICES, LLC,17,PEARLEQ,
36418,INTERACTIVE BROKERS LLC,17,BOX,
37484,GROUP ONE TRADING, L.P.,17,MIAMI,
148960,TWO SIGMA SECURITIES, LLC,17,EMLD,
153585,SIMPLEX TRADING, LLC,17,PEARL,
31730,CUTLER GROUP, LLC,172,NOM,
38455,MATRIX EXECUTIONS, LLC,172,PEARL,
32754,MARK J. MULLER EQUITIES, INC.,173,NYSE,
38455,MATRIX EXECUTIONS, LLC,173,PEARL,
36848,WOLVERINE TRADING, LLC,175,PHLX,
38455,MATRIX EXECUTIONS, LLC,175,PEARL,
35874,SUSQUEHANNA SECURITIES, LLC,177,PHLX,
38455,MATRIX EXECUTIONS, LLC,177,PEARL,
38455,MATRIX EXECUTIONS, LLC,178,PEARL,
104143,IMC FINANCIAL MARKETS,178,NOM,
37484,GROUP ONE TRADING, L.P.,18,MIAMI,
140345,AMERICAS EXECUTIONS, LLC,18,NYSE,
152144,HRT FINANCIAL LP,18,EMLD,
152144,HRT FINANCIAL LP,18,PEARLEQ,
153585,SIMPLEX TRADING, LLC,18,PEARL,
4297,NOMURA SECURITIES INTERNATIONAL, INC.,180,BOX,
38455,MATRIX EXECUTIONS, LLC,180,PEARL,
116797,CITADEL SECURITIES LLC,180,GEMX,
116797,CITADEL SECURITIES LLC,180,ISE,
116797,CITADEL SECURITIES LLC,180,MRX,
116797,CITADEL SECURITIES LLC,180,PHLX,
4297,NOMURA SECURITIES INTERNATIONAL, INC.,181,BOX,
13071,APEX CLEARING CORPORATION,181,PEARL,
128351,SG AMERICAS SECURITIES, LLC,181,PHLX,
35874,SUSQUEHANNA SECURITIES, LLC,182,NOBO,
120719,WOLVERINE EXECUTION SERVICES, LLC,182,PEARL,
14020,ABN AMRO CLEARING CHICAGO LLC,183,PHLX,
38455,MATRIX EXECUTIONS, LLC,183,PEARL,
38455,MATRIX EXECUTIONS, LLC,184,PEARL,
161014,E D & F MAN CAPITAL MARKETS INC.,184,ISE,
4297,NOMURA SECURITIES INTERNATIONAL, INC.,185,ISE,
4297,NOMURA SECURITIES INTERNATIONAL, INC.,185,PHLX,
38455,MATRIX EXECUTIONS, LLC,185,PEARL,
7654,UBS SECURITIES LLC,188,ISE,
7654,UBS SECURITIES LLC,188,PHLX,
38455,MATRIX EXECUTIONS, LLC,188,PEARL,
38455,MATRIX EXECUTIONS, LLC,189,PEARL,
39289,QUATTRO M SECURITIES INC.,189,NYSE,
2347,JEFFERIES LLC,19,BOX,
37484,GROUP ONE TRADING, L.P.,19,MIAMI,
106124,JUMP TRADING, LLC,19,PEARLEQ,
134159,JANE STREET OPTIONS, LLC,19,EMLD,
153585,SIMPLEX TRADING, LLC,19,PEARL,
38455,MATRIX EXECUTIONS, LLC,190,PEARL,
145994,PENSERRA SECURITIES, LLC,190,CHX,
38455,MATRIX EXECUTIONS, LLC,194,PEARL,
149224,GTS SECURITIES LLC,194,NOM,
14020,ABN AMRO CLEARING CHICAGO LLC,196,PHLX,
38455,MATRIX EXECUTIONS, LLC,196,PEARL,
35874,SUSQUEHANNA SECURITIES, LLC,197,NOM,
120719,WOLVERINE EXECUTION SERVICES, LLC,197,PEARL,
133849,MERIDIAN EQUITY PARTNERS, INC.,198,NYSE,
283942,BOFA SECURITIES, INC.,198,PEARL,
35874,SUSQUEHANNA SECURITIES, LLC,2,EMLD,
36848,WOLVERINE TRADING, LLC,2,PEARL,
116797,CITADEL SECURITIES LLC,2,MIAMI,
140345,AMERICAS EXECUTIONS, LLC,2,NYSE,
167872,IEX SERVICES LLC,2,PEARLEQ,
33875,SUSQUEHANNA INVESTMENT GROUP,20,EMLD,
37484,GROUP ONE TRADING, L.P.,20,MIAMI,
153585,SIMPLEX TRADING, LLC,20,PEARL,
171272,TRC MARKETS LLC,20,PEARLEQ,
361,GOLDMAN SACHS & CO. LLC,200,BOX,
361,GOLDMAN SACHS & CO. LLC,200,GEMX,
361,GOLDMAN SACHS & CO. LLC,200,ISE,
361,GOLDMAN SACHS & CO. LLC,200,MRX,
361,GOLDMAN SACHS & CO. LLC,200,NOBO,
361,GOLDMAN SACHS & CO. LLC,200,NOM,
361,GOLDMAN SACHS & CO. LLC,200,PHLX,
283942,BOFA SECURITIES, INC.,200,PEARL,
7059,CITIGROUP GLOBAL MARKETS INC.,202,PEARL,
19714,BARCLAYS CAPITAL INC.,202,GEMX,
19714,BARCLAYS CAPITAL INC.,202,ISE,
19714,BARCLAYS CAPITAL INC.,202,MRX,
36848,WOLVERINE TRADING, LLC,205,NOM,
120719,WOLVERINE EXECUTION SERVICES, LLC,205,PEARL,
149224,GTS SECURITIES LLC,209,PEARL,
154717,TIGRESS FINANCIAL PARTNERS, LLC,209,NYSE,
37484,GROUP ONE TRADING, L.P.,21,MIAMI,
149224,GTS SECURITIES LLC,21,EMLD,
150887,LATOUR TRADING LLC,21,PEARLEQ,
153585,SIMPLEX TRADING, LLC,21,PEARL,
31470,D & D SECURITIES, INC.,210,PHLX,
38455,MATRIX EXECUTIONS, LLC,210,PEARL,
47866,J.A.K. SECURITIES, INC.,211,PHLX,
116797,CITADEL SECURITIES LLC,211,NYSE,
153585,SIMPLEX TRADING, LLC,211,PEARL,
32968,LIVERMORE TRADING GROUP, INC.,212,NYSE,
120719,WOLVERINE EXECUTION SERVICES, LLC,212,PEARL,
35874,SUSQUEHANNA SECURITIES, LLC,213,GEMX,
104031,DASH FINANCIAL TECHNOLOGIES LLC,213,PEARL,
35874,SUSQUEHANNA SECURITIES, LLC,214,GEMX,
37452,E&J SECURITIES CORP.,214,NYSE,
134159,JANE STREET OPTIONS, LLC,214,PEARL,
35874,SUSQUEHANNA SECURITIES, LLC,215,GEMX,
134159,JANE STREET OPTIONS, LLC,215,PEARL,
35874,SUSQUEHANNA SECURITIES, LLC,216,GEMX,
35874,SUSQUEHANNA SECURITIES, LLC,216,ISE,
35874,SUSQUEHANNA SECURITIES, LLC,216,MRX,
152144,HRT FINANCIAL LP,216,PEARL,
35874,SUSQUEHANNA SECURITIES, LLC,217,GEMX,
120719,WOLVERINE EXECUTION SERVICES, LLC,217,PEARL,
35874,SUSQUEHANNA SECURITIES, LLC,218,GEMX,
120719,WOLVERINE EXECUTION SERVICES, LLC,218,PEARL,
32830,FARINA & ASSOCIATES, INC.,219,NYSE,
134284,RQD* CLEARING, LLC,219,PEARL,
37484,GROUP ONE TRADING, L.P.,22,MIAMI,
146122,ELECTRONIC TRANSACTION CLEARING, INC.,22,PEARLEQ,
153585,SIMPLEX TRADING, LLC,22,PEARL,
8174,UBS FINANCIAL SERVICES INC.,221,BOX,
20996,THINKEQUITY LLC,221,NYSE,
361,GOLDMAN SACHS & CO. LLC,226,GEMX,
361,GOLDMAN SACHS & CO. LLC,226,ISE,
361,GOLDMAN SACHS & CO. LLC,226,MRX,
361,GOLDMAN SACHS & CO. LLC,226,PHLX,
13041,NATIONAL FINANCIAL SERVICES LLC,226,BOX,
37484,GROUP ONE TRADING, L.P.,23,MIAMI,
111528,G1 EXECUTION SERVICES, LLC,23,PEARLEQ,
123066,LIBUCKI & CO., LLC,23,CHX,
140345,AMERICAS EXECUTIONS, LLC,23,NYSE,
153585,SIMPLEX TRADING, LLC,23,PEARL,
79,J.P. MORGAN SECURITIES LLC,233,PHLX,
134284,RQD* CLEARING, LLC,233,BOX,
13071,APEX CLEARING CORPORATION,234,BOX,
113892,BLUEFIN CAPITAL MANAGEMENT, LLC,234,PHLX,
13041,NATIONAL FINANCIAL SERVICES LLC,236,NOM,
34071,JNK SECURITIES CORP.,236,NYSE,
35874,SUSQUEHANNA SECURITIES, LLC,24,PEARLEQ,
37484,GROUP ONE TRADING, L.P.,24,MIAMI,
153585,SIMPLEX TRADING, LLC,24,PEARL,
19982,GFI SECURITIES LLC,243,ISE,
33496,BRENDAN E. CRYAN AND COMPANY, L.L.C.,243,NYSE,
19616,WELLS FARGO CLEARING SERVICES, LLC,244,PHLX,
283942,BOFA SECURITIES, INC.,244,BOX,
33496,BRENDAN E. CRYAN AND COMPANY, L.L.C.,245,NYSE,
43773,PEAK6 CAPITAL MANAGEMENT LLC,245,PHLX,
283942,BOFA SECURITIES, INC.,245,BOX,
361,GOLDMAN SACHS & CO. LLC,25,PEARLEQ,
37484,GROUP ONE TRADING, L.P.,25,MIAMI,
153585,SIMPLEX TRADING, LLC,25,PEARL,
37484,GROUP ONE TRADING, L.P.,26,MIAMI,
116797,CITADEL SECURITIES LLC,26,PEARLEQ,
130030,TRADEMAS INC.,26,NYSE,
153585,SIMPLEX TRADING, LLC,26,PEARL,
37484,GROUP ONE TRADING, L.P.,27,MIAMI,
116797,CITADEL SECURITIES LLC,27,PEARLEQ,
149823,VIRTU AMERICAS LLC,27,PEARL,
361,GOLDMAN SACHS & CO. LLC,272,NYSE,
149224,GTS SECURITIES LLC,272,ISE,
37484,GROUP ONE TRADING, L.P.,28,MIAMI,
116797,CITADEL SECURITIES LLC,28,PEARLEQ,
133849,MERIDIAN EQUITY PARTNERS, INC.,28,NYSE,
149823,VIRTU AMERICAS LLC,28,PEARL,
32968,LIVERMORE TRADING GROUP, INC.,286,NYSE,
128351,SG AMERICAS SECURITIES, LLC,286,BOX,
128351,SG AMERICAS SECURITIES, LLC,286,GEMX,
128351,SG AMERICAS SECURITIES, LLC,286,ISE,
128351,SG AMERICAS SECURITIES, LLC,286,NOBO,
128351,SG AMERICAS SECURITIES, LLC,286,NOM,
128351,SG AMERICAS SECURITIES, LLC,286,PHLX,
104031,DASH FINANCIAL TECHNOLOGIES LLC,287,GEMX,
104031,DASH FINANCIAL TECHNOLOGIES LLC,287,ISE,
104031,DASH FINANCIAL TECHNOLOGIES LLC,287,MRX,
104031,DASH FINANCIAL TECHNOLOGIES LLC,287,NOBO,
104031,DASH FINANCIAL TECHNOLOGIES LLC,287,NOM,
104031,DASH FINANCIAL TECHNOLOGIES LLC,287,PHLX,
128351,SG AMERICAS SECURITIES, LLC,287,BOX,
816,CREDIT SUISSE SECURITIES (USA) LLC,289,BOX,
39289,QUATTRO M SECURITIES INC.,289,NYSE,
37484,GROUP ONE TRADING, L.P.,29,MIAMI,
104143,IMC FINANCIAL MARKETS,29,PEARLEQ,
149823,VIRTU AMERICAS LLC,29,PEARL,
35874,SUSQUEHANNA SECURITIES, LLC,291,PHLX,
283942,BOFA SECURITIES, INC.,291,NYSE,
18377,ROSENBLATT SECURITIES INC.,299,NYSE,
283942,BOFA SECURITIES, INC.,299,BOX,
7059,CITIGROUP GLOBAL MARKETS INC.,3,PEARLEQ,
35874,SUSQUEHANNA SECURITIES, LLC,3,EMLD,
36848,WOLVERINE TRADING, LLC,3,MIAMI,
104143,IMC FINANCIAL MARKETS,3,PEARL,
140345,AMERICAS EXECUTIONS, LLC,3,NYSE,
361,GOLDMAN SACHS & CO. LLC,30,PEARLEQ,
128030,OPTIVER US LLC,30,MIAMI,
153585,SIMPLEX TRADING, LLC,30,PEARL,
33875,SUSQUEHANNA INVESTMENT GROUP,31,MIAMI,
103782,JANE STREET CAPITAL, LLC,31,PEARLEQ,
140345,AMERICAS EXECUTIONS, LLC,31,NYSE,
153585,SIMPLEX TRADING, LLC,31,PEARL,
33038,DRIVEWEALTH INSTITUTIONAL LLC,313,NYSE,
35874,SUSQUEHANNA SECURITIES, LLC,313,PHLX,
35874,SUSQUEHANNA SECURITIES, LLC,317,NOBO,
46300,TJM INVESTMENTS, LLC,317,NYSE,
33038,DRIVEWEALTH INSTITUTIONAL LLC,318,NYSE,
153585,SIMPLEX TRADING, LLC,318,GEMX,
153585,SIMPLEX TRADING, LLC,318,ISE,
153585,SIMPLEX TRADING, LLC,318,MRX,
153585,SIMPLEX TRADING, LLC,318,NOBO,
153585,SIMPLEX TRADING, LLC,318,NOM,
153585,SIMPLEX TRADING, LLC,318,PHLX,
31194,RBC CAPITAL MARKETS, LLC,32,PEARLEQ,
31730,CUTLER GROUP, LLC,32,MIAMI,
153585,SIMPLEX TRADING, LLC,32,PEARL,
7654,UBS SECURITIES LLC,328,PHLX,
20996,THINKEQUITY LLC,328,NYSE,
79,J.P. MORGAN SECURITIES LLC,33,PEARLEQ,
31730,CUTLER GROUP, LLC,33,MIAMI,
153585,SIMPLEX TRADING, LLC,33,PEARL,
79,J.P. MORGAN SECURITIES LLC,34,PEARLEQ,
128030,OPTIVER US LLC,34,MIAMI,
149823,VIRTU AMERICAS LLC,34,PEARL,
104474,SANFORD C. BERNSTEIN & CO., LLC,35,PEARLEQ,
148960,TWO SIGMA SECURITIES, LLC,35,MIAMI,
159041,AKUNA SECURITIES LLC,35,PEARL,
36848,WOLVERINE TRADING, LLC,36,PEARL,
128030,OPTIVER US LLC,36,MIAMI,
149823,VIRTU AMERICAS LLC,36,PEARLEQ,
46300,TJM INVESTMENTS, LLC,363,NYSE,
126292,WELLS FARGO SECURITIES, LLC,363,BOX,
149224,GTS SECURITIES LLC,37,MIAMI,
149823,VIRTU AMERICAS LLC,37,PEARLEQ,
159041,AKUNA SECURITIES LLC,37,PEARL,
31194,RBC CAPITAL MARKETS, LLC,38,BOX,
37484,GROUP ONE TRADING, L.P.,38,MIAMI,
104143,IMC FINANCIAL MARKETS,38,PEARL,
149823,VIRTU AMERICAS LLC,38,PEARLEQ,
14020,ABN AMRO CLEARING CHICAGO LLC,39,PEARLEQ,
37484,GROUP ONE TRADING, L.P.,39,MIAMI,
128030,OPTIVER US LLC,39,PEARL,
816,CREDIT SUISSE SECURITIES (USA) LLC,4,PEARLEQ,
35874,SUSQUEHANNA SECURITIES, LLC,4,EMLD,
35874,SUSQUEHANNA SECURITIES, LLC,4,MIAMI,
116797,CITADEL SECURITIES LLC,4,PEARL,
145994,PENSERRA SECURITIES, LLC,4,CHX,
33875,SUSQUEHANNA INVESTMENT GROUP,40,PEARL,
47768,FERRETTI GROUP, INC.,40,NYSE,
103782,JANE STREET CAPITAL, LLC,40,PEARLEQ,
134159,JANE STREET OPTIONS, LLC,40,MIAMI,
18377,ROSENBLATT SECURITIES INC.,400,NYSE,
35874,SUSQUEHANNA SECURITIES, LLC,400,PHLX,
31470,D & D SECURITIES, INC.,402,BOX,
116797,CITADEL SECURITIES LLC,402,ISE,
116797,CITADEL SECURITIES LLC,402,PHLX,
133849,MERIDIAN EQUITY PARTNERS, INC.,404,NYSE,
134159,JANE STREET OPTIONS, LLC,404,GEMX,
134159,JANE STREET OPTIONS, LLC,404,ISE,
134159,JANE STREET OPTIONS, LLC,404,MRX,
134159,JANE STREET OPTIONS, LLC,404,NOBO,
134159,JANE STREET OPTIONS, LLC,404,NOM,
134159,JANE STREET OPTIONS, LLC,404,PHLX,
33875,SUSQUEHANNA INVESTMENT GROUP,41,MIAMI,
35874,SUSQUEHANNA SECURITIES, LLC,41,PEARL,
103782,JANE STREET CAPITAL, LLC,41,PEARLEQ,
14020,ABN AMRO CLEARING CHICAGO LLC,416,PHLX,
28196,TULLETT PREBON FINANCIAL SERVICES LLC,416,NYSE,
31559,PTR, INC.,419,PHLX,
32754,MARK J. MULLER EQUITIES, INC.,419,NYSE,
2347,JEFFERIES LLC,42,PEARLEQ,
35874,SUSQUEHANNA SECURITIES, LLC,42,PEARL,
152144,HRT FINANCIAL LP,42,MIAMI,
46300,TJM INVESTMENTS, LLC,423,NYSE,
113892,BLUEFIN CAPITAL MANAGEMENT, LLC,423,PHLX,
35874,SUSQUEHANNA SECURITIES, LLC,429,NOBO,
39289,QUATTRO M SECURITIES INC.,429,NYSE,
361,GOLDMAN SACHS & CO. LLC,43,PEARLEQ,
35874,SUSQUEHANNA SECURITIES, LLC,43,PEARL,
45908,DRW SECURITIES, L.L.C.,43,MIAMI,
7560,PERSHING LLC,430,NOM,
134284,RQD* CLEARING, LLC,430,BOX,
361,GOLDMAN SACHS & CO. LLC,44,PEARLEQ,
39289,QUATTRO M SECURITIES INC.,44,NYSE,
45908,DRW SECURITIES, L.L.C.,44,MIAMI,
128030,OPTIVER US LLC,44,PEARL,
16686,BMO CAPITAL MARKETS CORP.,45,BOX,
45908,DRW SECURITIES, L.L.C.,45,MIAMI,
128030,OPTIVER US LLC,45,PEARL,
133849,MERIDIAN EQUITY PARTNERS, INC.,45,NYSE,
146122,ELECTRONIC TRANSACTION CLEARING, INC.,45,PEARLEQ,
47768,FERRETTI GROUP, INC.,454,NYSE,
146310,SUMO CAPITAL, LLC,454,NOM,
16139,MERRILL LYNCH PROFESSIONAL CLEARING CORP.,46,PEARLEQ,
128030,OPTIVER US LLC,46,PEARL,
132605,BELVEDERE TRADING LLC,46,MIAMI,
32968,LIVERMORE TRADING GROUP, INC.,464,NYSE,
35874,SUSQUEHANNA SECURITIES, LLC,464,PHLX,
7560,PERSHING LLC,47,PEARLEQ,
128030,OPTIVER US LLC,47,PEARL,
132605,BELVEDERE TRADING LLC,47,MIAMI,
7616,COWEN AND COMPANY,48,PEARLEQ,
128030,OPTIVER US LLC,48,PEARL,
132605,BELVEDERE TRADING LLC,48,MIAMI,
106124,JUMP TRADING, LLC,49,PEARLEQ,
132605,BELVEDERE TRADING LLC,49,MIAMI,
153585,SIMPLEX TRADING, LLC,49,PEARL,
793,STIFEL, NICOLAUS & COMPANY, INCORPORATED,495,NYSE,
816,CREDIT SUISSE SECURITIES (USA) LLC,495,PHLX,
361,GOLDMAN SACHS & CO. LLC,497,BOX,
35874,SUSQUEHANNA SECURITIES, LLC,497,PHLX,
361,GOLDMAN SACHS & CO. LLC,5,BOX,
35874,SUSQUEHANNA SECURITIES, LLC,5,EMLD,
35874,SUSQUEHANNA SECURITIES, LLC,5,MIAMI,
126407,GLOBAL EXECUTION BROKERS, LP,5,PEARLEQ,
128030,OPTIVER US LLC,5,PEARL,
2347,JEFFERIES LLC,50,PEARLEQ,
8209,MORGAN STANLEY & CO. LLC,50,BOX,
132605,BELVEDERE TRADING LLC,50,MIAMI,
153585,SIMPLEX TRADING, LLC,50,PEARL,
16139,MERRILL LYNCH PROFESSIONAL CLEARING CORP.,5002,MIAMI,
126407,GLOBAL EXECUTION BROKERS, LP,5002,EMLD,
120719,WOLVERINE EXECUTION SERVICES, LLC,5003,MIAMI,
126407,GLOBAL EXECUTION BROKERS, LP,5003,EMLD,
120719,WOLVERINE EXECUTION SERVICES, LLC,5004,MIAMI,
126407,GLOBAL EXECUTION BROKERS, LP,5004,EMLD,
36418,INTERACTIVE BROKERS LLC,5005,MIAMI,
126407,GLOBAL EXECUTION BROKERS, LP,5005,EMLD,
8209,MORGAN STANLEY & CO. LLC,5006,MIAMI,
126407,GLOBAL EXECUTION BROKERS, LP,5006,EMLD,
816,CREDIT SUISSE SECURITIES (USA) LLC,5007,EMLD,
126407,GLOBAL EXECUTION BROKERS, LP,5007,MIAMI,
7654,UBS SECURITIES LLC,5008,EMLD,
126407,GLOBAL EXECUTION BROKERS, LP,5008,MIAMI,
79,J.P. MORGAN SECURITIES LLC,5009,MIAMI,
14020,ABN AMRO CLEARING CHICAGO LLC,5009,EMLD,
116797,CITADEL SECURITIES LLC,5010,MIAMI,
283942,BOFA SECURITIES, INC.,5010,EMLD,
19714,BARCLAYS CAPITAL INC.,5011,MIAMI,
116797,CITADEL SECURITIES LLC,5011,EMLD,
36418,INTERACTIVE BROKERS LLC,5012,MIAMI,
104031,DASH FINANCIAL TECHNOLOGIES LLC,5012,EMLD,
361,GOLDMAN SACHS & CO. LLC,5013,EMLD,
7654,UBS SECURITIES LLC,5013,MIAMI,
816,CREDIT SUISSE SECURITIES (USA) LLC,5014,MIAMI,
152144,HRT FINANCIAL LP,5014,EMLD,
7897,INSTINET, LLC,5015,EMLD,
116797,CITADEL SECURITIES LLC,5015,MIAMI,
36418,INTERACTIVE BROKERS LLC,5016,EMLD,
104031,DASH FINANCIAL TECHNOLOGIES LLC,5016,MIAMI,
79,J.P. MORGAN SECURITIES LLC,5017,EMLD,
877,WEDBUSH SECURITIES INC.,5017,MIAMI,
2347,JEFFERIES LLC,5018,EMLD,
120719,WOLVERINE EXECUTION SERVICES, LLC,5018,MIAMI,
19714,BARCLAYS CAPITAL INC.,5019,MIAMI,
38455,MATRIX EXECUTIONS, LLC,5019,EMLD,
8209,MORGAN STANLEY & CO. LLC,5020,EMLD,
104031,DASH FINANCIAL TECHNOLOGIES LLC,5020,MIAMI,
14020,ABN AMRO CLEARING CHICAGO LLC,5021,MIAMI,
153585,SIMPLEX TRADING, LLC,5021,EMLD,
7560,PERSHING LLC,5022,MIAMI,
134284,RQD* CLEARING, LLC,5022,EMLD,
7897,INSTINET, LLC,5023,MIAMI,
120719,WOLVERINE EXECUTION SERVICES, LLC,5023,EMLD,
16139,MERRILL LYNCH PROFESSIONAL CLEARING CORP.,5024,EMLD,
126407,GLOBAL EXECUTION BROKERS, LP,5024,MIAMI,
7560,PERSHING LLC,5025,EMLD,
7897,INSTINET, LLC,5025,MIAMI,
19714,BARCLAYS CAPITAL INC.,5026,EMLD,
126292,WELLS FARGO SECURITIES, LLC,5026,MIAMI,
361,GOLDMAN SACHS & CO. LLC,5027,EMLD,
2347,JEFFERIES LLC,5027,MIAMI,
361,GOLDMAN SACHS & CO. LLC,5028,EMLD,
16686,BMO CAPITAL MARKETS CORP.,5028,MIAMI,
13071,APEX CLEARING CORPORATION,5029,EMLD,
37484,GROUP ONE TRADING, L.P.,5029,MIAMI,
116797,CITADEL SECURITIES LLC,5030,EMLD,
126407,GLOBAL EXECUTION BROKERS, LP,5030,MIAMI,
104031,DASH FINANCIAL TECHNOLOGIES LLC,5031,MIAMI,
120719,WOLVERINE EXECUTION SERVICES, LLC,5031,EMLD,
79,J.P. MORGAN SECURITIES LLC,5032,MIAMI,
120719,WOLVERINE EXECUTION SERVICES, LLC,5032,EMLD,
361,GOLDMAN SACHS & CO. LLC,5033,MIAMI,
134284,RQD* CLEARING, LLC,5033,EMLD,
104031,DASH FINANCIAL TECHNOLOGIES LLC,5034,EMLD,
136196,WALLEYE TRADING LLC,5034,MIAMI,
361,GOLDMAN SACHS & CO. LLC,5035,MIAMI,
104031,DASH FINANCIAL TECHNOLOGIES LLC,5035,EMLD,
45908,DRW SECURITIES, L.L.C.,5036,MIAMI,
104031,DASH FINANCIAL TECHNOLOGIES LLC,5036,EMLD,
43773,PEAK6 CAPITAL MANAGEMENT LLC,5037,MIAMI,
104031,DASH FINANCIAL TECHNOLOGIES LLC,5037,EMLD,
13071,APEX CLEARING CORPORATION,5038,MIAMI,
104031,DASH FINANCIAL TECHNOLOGIES LLC,5038,EMLD,
43773,PEAK6 CAPITAL MANAGEMENT LLC,5039,MIAMI,
104031,DASH FINANCIAL TECHNOLOGIES LLC,5039,EMLD,
104031,DASH FINANCIAL TECHNOLOGIES LLC,5040,EMLD,
126407,GLOBAL EXECUTION BROKERS, LP,5040,MIAMI,
361,GOLDMAN SACHS & CO. LLC,5041,MIAMI,
104031,DASH FINANCIAL TECHNOLOGIES LLC,5041,EMLD,
43773,PEAK6 CAPITAL MANAGEMENT LLC,5042,MIAMI,
104031,DASH FINANCIAL TECHNOLOGIES LLC,5042,EMLD,
7897,INSTINET, LLC,5043,MIAMI,
104031,DASH FINANCIAL TECHNOLOGIES LLC,5043,EMLD,
104031,DASH FINANCIAL TECHNOLOGIES LLC,5050,EMLD,
152144,HRT FINANCIAL LP,5050,MIAMI,
104031,DASH FINANCIAL TECHNOLOGIES LLC,5051,EMLD,
153585,SIMPLEX TRADING, LLC,5051,MIAMI,
19714,BARCLAYS CAPITAL INC.,5052,MIAMI,
104031,DASH FINANCIAL TECHNOLOGIES LLC,5052,EMLD,
38455,MATRIX EXECUTIONS, LLC,5069,EMLD,
104031,DASH FINANCIAL TECHNOLOGIES LLC,5069,MIAMI,
38455,MATRIX EXECUTIONS, LLC,5070,EMLD,
104031,DASH FINANCIAL TECHNOLOGIES LLC,5070,MIAMI,
38455,MATRIX EXECUTIONS, LLC,5071,EMLD,
104031,DASH FINANCIAL TECHNOLOGIES LLC,5071,MIAMI,
38455,MATRIX EXECUTIONS, LLC,5072,EMLD,
104031,DASH FINANCIAL TECHNOLOGIES LLC,5072,MIAMI,
38455,MATRIX EXECUTIONS, LLC,5073,EMLD,
104031,DASH FINANCIAL TECHNOLOGIES LLC,5073,MIAMI,
38455,MATRIX EXECUTIONS, LLC,5074,EMLD,
104031,DASH FINANCIAL TECHNOLOGIES LLC,5074,MIAMI,
38455,MATRIX EXECUTIONS, LLC,5075,EMLD,
104031,DASH FINANCIAL TECHNOLOGIES LLC,5075,MIAMI,
38455,MATRIX EXECUTIONS, LLC,5076,EMLD,
104031,DASH FINANCIAL TECHNOLOGIES LLC,5076,MIAMI,
38455,MATRIX EXECUTIONS, LLC,5077,EMLD,
104031,DASH FINANCIAL TECHNOLOGIES LLC,5077,MIAMI,
38455,MATRIX EXECUTIONS, LLC,5078,EMLD,
104031,DASH FINANCIAL TECHNOLOGIES LLC,5078,MIAMI,
38455,MATRIX EXECUTIONS, LLC,5079,EMLD,
104031,DASH FINANCIAL TECHNOLOGIES LLC,5079,MIAMI,
38455,MATRIX EXECUTIONS, LLC,5080,EMLD,
104031,DASH FINANCIAL TECHNOLOGIES LLC,5080,MIAMI,
38455,MATRIX EXECUTIONS, LLC,5081,EMLD,
104031,DASH FINANCIAL TECHNOLOGIES LLC,5081,MIAMI,
38455,MATRIX EXECUTIONS, LLC,5082,EMLD,
104031,DASH FINANCIAL TECHNOLOGIES LLC,5082,MIAMI,
38455,MATRIX EXECUTIONS, LLC,5083,EMLD,
104031,DASH FINANCIAL TECHNOLOGIES LLC,5083,MIAMI,
38455,MATRIX EXECUTIONS, LLC,5084,EMLD,
134284,RQD* CLEARING, LLC,5084,MIAMI,
38455,MATRIX EXECUTIONS, LLC,5085,EMLD,
104031,DASH FINANCIAL TECHNOLOGIES LLC,5085,MIAMI,
38455,MATRIX EXECUTIONS, LLC,5086,EMLD,
134284,RQD* CLEARING, LLC,5086,MIAMI,
38455,MATRIX EXECUTIONS, LLC,5087,EMLD,
134284,RQD* CLEARING, LLC,5087,MIAMI,
38455,MATRIX EXECUTIONS, LLC,5088,EMLD,
134284,RQD* CLEARING, LLC,5088,MIAMI,
38455,MATRIX EXECUTIONS, LLC,5089,EMLD,
134284,RQD* CLEARING, LLC,5089,MIAMI,
47768,FERRETTI GROUP, INC.,509,NYSE,
123066,LIBUCKI & CO., LLC,509,CHX,
104031,DASH FINANCIAL TECHNOLOGIES LLC,5090,EMLD,
134284,RQD* CLEARING, LLC,5090,MIAMI,
126292,WELLS FARGO SECURITIES, LLC,5091,EMLD,
134284,RQD* CLEARING, LLC,5091,MIAMI,
104031,DASH FINANCIAL TECHNOLOGIES LLC,5092,EMLD,
134284,RQD* CLEARING, LLC,5092,MIAMI,
134159,JANE STREET OPTIONS, LLC,5093,EMLD,
134284,RQD* CLEARING, LLC,5093,MIAMI,
38455,MATRIX EXECUTIONS, LLC,5094,EMLD,
134284,RQD* CLEARING, LLC,5094,MIAMI,
38455,MATRIX EXECUTIONS, LLC,5095,EMLD,
134284,RQD* CLEARING, LLC,5095,MIAMI,
38455,MATRIX EXECUTIONS, LLC,5096,EMLD,
134284,RQD* CLEARING, LLC,5096,MIAMI,
38455,MATRIX EXECUTIONS, LLC,5097,EMLD,
134284,RQD* CLEARING, LLC,5097,MIAMI,
38455,MATRIX EXECUTIONS, LLC,5098,EMLD,
134284,RQD* CLEARING, LLC,5098,MIAMI,
38455,MATRIX EXECUTIONS, LLC,5099,EMLD,
134284,RQD* CLEARING, LLC,5099,MIAMI,
8209,MORGAN STANLEY & CO. LLC,51,BOX,
106124,JUMP TRADING, LLC,51,PEARLEQ,
132605,BELVEDERE TRADING LLC,51,MIAMI,
153585,SIMPLEX TRADING, LLC,51,PEARL,
18377,ROSENBLATT SECURITIES INC.,510,NYSE,
123066,LIBUCKI & CO., LLC,510,CHX,
38455,MATRIX EXECUTIONS, LLC,5100,EMLD,
134284,RQD* CLEARING, LLC,5100,MIAMI,
15794,BNP PARIBAS SECURITIES CORP.,5101,MIAMI,
38455,MATRIX EXECUTIONS, LLC,5101,EMLD,
38455,MATRIX EXECUTIONS, LLC,5102,EMLD,
104031,DASH FINANCIAL TECHNOLOGIES LLC,5102,MIAMI,
38455,MATRIX EXECUTIONS, LLC,5103,EMLD,
134284,RQD* CLEARING, LLC,5103,MIAMI,
120719,WOLVERINE EXECUTION SERVICES, LLC,5104,EMLD,
134159,JANE STREET OPTIONS, LLC,5104,MIAMI,
38455,MATRIX EXECUTIONS, LLC,5105,MIAMI,
120719,WOLVERINE EXECUTION SERVICES, LLC,5105,EMLD,
38455,MATRIX EXECUTIONS, LLC,5106,MIAMI,
283942,BOFA SECURITIES, INC.,5106,EMLD,
134284,RQD* CLEARING, LLC,5107,MIAMI,
283942,BOFA SECURITIES, INC.,5107,EMLD,
38455,MATRIX EXECUTIONS, LLC,5108,MIAMI,
283942,BOFA SECURITIES, INC.,5108,EMLD,
7059,CITIGROUP GLOBAL MARKETS INC.,5109,EMLD,
104031,DASH FINANCIAL TECHNOLOGIES LLC,5109,MIAMI,
38455,MATRIX EXECUTIONS, LLC,5110,MIAMI,
120719,WOLVERINE EXECUTION SERVICES, LLC,5110,EMLD,
37484,GROUP ONE TRADING, L.P.,5111,EMLD,
38455,MATRIX EXECUTIONS, LLC,5111,MIAMI,
38455,MATRIX EXECUTIONS, LLC,5112,MIAMI,
153585,SIMPLEX TRADING, LLC,5112,EMLD,
38455,MATRIX EXECUTIONS, LLC,5113,MIAMI,
120719,WOLVERINE EXECUTION SERVICES, LLC,5113,EMLD,
38455,MATRIX EXECUTIONS, LLC,5114,MIAMI,
104031,DASH FINANCIAL TECHNOLOGIES LLC,5114,EMLD,
38455,MATRIX EXECUTIONS, LLC,5115,MIAMI,
120719,WOLVERINE EXECUTION SERVICES, LLC,5115,EMLD,
13071,APEX CLEARING CORPORATION,513,BOX,
13071,APEX CLEARING CORPORATION,513,PHLX,
123066,LIBUCKI & CO., LLC,513,CHX,
123066,LIBUCKI & CO., LLC,514,CHX,
146310,SUMO CAPITAL, LLC,514,PHLX,
35874,SUSQUEHANNA SECURITIES, LLC,515,PHLX,
283942,BOFA SECURITIES, INC.,515,NYSE,
16139,MERRILL LYNCH PROFESSIONAL CLEARING CORP.,519,BOX,
306364,GTS EXECUTION SERVICES LLC,519,NYSE,
117176,AXOS CLEARING LLC,52,BOX,
120719,WOLVERINE EXECUTION SERVICES, LLC,52,PEARLEQ,
132605,BELVEDERE TRADING LLC,52,MIAMI,
153585,SIMPLEX TRADING, LLC,52,PEARL,
15794,BNP PARIBAS SECURITIES CORP.,53,BOX,
120719,WOLVERINE EXECUTION SERVICES, LLC,53,PEARLEQ,
132605,BELVEDERE TRADING LLC,53,MIAMI,
149224,GTS SECURITIES LLC,53,PEARL,
132605,BELVEDERE TRADING LLC,539,ISE,
305963,RFA SECURITIES LLC,539,BOX,
36848,WOLVERINE TRADING, LLC,54,PEARL,
120719,WOLVERINE EXECUTION SERVICES, LLC,54,PEARLEQ,
122529,ATM EXECUTION LLC,55,PEARLEQ,
128030,OPTIVER US LLC,55,PEARL,
130030,TRADEMAS INC.,55,NYSE,
15794,BNP PARIBAS SECURITIES CORP.,56,PEARLEQ,
145994,PENSERRA SECURITIES, LLC,56,CHX,
153585,SIMPLEX TRADING, LLC,56,PEARL,
153585,SIMPLEX TRADING, LLC,57,PEARL,
156169,PUNDION LLC,57,PEARLEQ,
19714,BARCLAYS CAPITAL INC.,576,BOX,
33038,DRIVEWEALTH INSTITUTIONAL LLC,576,NYSE,
106124,JUMP TRADING, LLC,58,PEARLEQ,
153585,SIMPLEX TRADING, LLC,58,PEARL,
126292,WELLS FARGO SECURITIES, LLC,59,PEARLEQ,
149823,VIRTU AMERICAS LLC,59,PEARL,
16139,MERRILL LYNCH PROFESSIONAL CLEARING CORP.,598,BOX,
16139,MERRILL LYNCH PROFESSIONAL CLEARING CORP.,598,MRX,
16139,MERRILL LYNCH PROFESSIONAL CLEARING CORP.,598,NOBO,
16139,MERRILL LYNCH PROFESSIONAL CLEARING CORP.,598,PHLX,
140345,AMERICAS EXECUTIONS, LLC,598,NYSE,
7897,INSTINET, LLC,6,PEARLEQ,
35874,SUSQUEHANNA SECURITIES, LLC,6,EMLD,
35874,SUSQUEHANNA SECURITIES, LLC,6,MIAMI,
128030,OPTIVER US LLC,6,PEARL,
79,J.P. MORGAN SECURITIES LLC,60,BOX,
7897,INSTINET, LLC,60,PEARLEQ,
149823,VIRTU AMERICAS LLC,60,PEARL,
8209,MORGAN STANLEY & CO. LLC,602,BOX,
35874,SUSQUEHANNA SECURITIES, LLC,602,NOBO,
106124,JUMP TRADING, LLC,61,PEARLEQ,
149823,VIRTU AMERICAS LLC,61,PEARL,
28196,TULLETT PREBON FINANCIAL SERVICES LLC,611,NYSE,
116270,SEAPORT GLOBAL SECURITIES LLC,611,ISE,
33038,DRIVEWEALTH INSTITUTIONAL LLC,618,NYSE,
35874,SUSQUEHANNA SECURITIES, LLC,618,PHLX,
7897,INSTINET, LLC,62,PEARLEQ,
104143,IMC FINANCIAL MARKETS,62,PEARL,
14593,STUART FRANKEL & CO., INCORPORATED,620,NYSE,
31730,CUTLER GROUP, LLC,620,MRX,
149823,VIRTU AMERICAS LLC,63,PEARL,
288933,CLEAR STREET LLC,63,PEARLEQ,
36848,WOLVERINE TRADING, LLC,635,PHLX,
152144,HRT FINANCIAL LP,635,BOX,
31559,PTR, INC.,636,PHLX,
37452,E&J SECURITIES CORP.,636,NYSE,
11826,LIME TRADING CORP,64,PEARLEQ,
36848,WOLVERINE TRADING, LLC,64,PEARL,
7654,UBS SECURITIES LLC,641,BOX,
37452,E&J SECURITIES CORP.,641,NYSE,
126407,GLOBAL EXECUTION BROKERS, LP,641,PHLX,
33038,DRIVEWEALTH INSTITUTIONAL LLC,643,NYSE,
36418,INTERACTIVE BROKERS LLC,643,BOX,
11826,LIME TRADING CORP,65,PEARLEQ,
36848,WOLVERINE TRADING, LLC,65,PEARL,
31470,D & D SECURITIES, INC.,657,PHLX,
136196,WALLEYE TRADING LLC,657,BOX,
35874,SUSQUEHANNA SECURITIES, LLC,659,PHLX,
128351,SG AMERICAS SECURITIES, LLC,659,BOX,
11826,LIME TRADING CORP,66,PEARLEQ,
36848,WOLVERINE TRADING, LLC,66,PEARL,
133849,MERIDIAN EQUITY PARTNERS, INC.,66,NYSE,
7897,INSTINET, LLC,67,BOX,
11826,LIME TRADING CORP,67,PEARLEQ,
33875,SUSQUEHANNA INVESTMENT GROUP,67,PEARL,
13071,APEX CLEARING CORPORATION,675,PHLX,
145357,XR SECURITIES LLC,675,BOX,
11826,LIME TRADING CORP,68,PEARLEQ,
42324,DOUGALL & ASSOCIATES INC.,68,CHX,
153585,SIMPLEX TRADING, LLC,68,PEARL,
877,WEDBUSH SECURITIES INC.,69,PEARLEQ,
153585,SIMPLEX TRADING, LLC,69,PEARL,
18377,ROSENBLATT SECURITIES INC.,7,NYSE,
33875,SUSQUEHANNA INVESTMENT GROUP,7,EMLD,
36418,INTERACTIVE BROKERS LLC,7,PEARLEQ,
36848,WOLVERINE TRADING, LLC,7,MIAMI,
153585,SIMPLEX TRADING, LLC,7,PEARL,
153585,SIMPLEX TRADING, LLC,70,PEARL,
167280,JANE STREET EXECUTION SERVICES, LLC,70,PEARLEQ,
106124,JUMP TRADING, LLC,71,PEARLEQ,
153585,SIMPLEX TRADING, LLC,71,PEARL,
32889,PRIME EXECUTIONS, INC.,714,NYSE,
36418,INTERACTIVE BROKERS LLC,714,BOX,
120719,WOLVERINE EXECUTION SERVICES, LLC,72,PEARL,
149224,GTS SECURITIES LLC,72,PEARLEQ,
37216,SANTANDER INVESTMENT SECURITIES INC.,726,ISE,
133849,MERIDIAN EQUITY PARTNERS, INC.,726,NYSE,
283942,BOFA SECURITIES, INC.,73,PEARL,
299468,QUANTLAB BROKERAGE, LLC,73,PEARLEQ,
33038,DRIVEWEALTH INSTITUTIONAL LLC,731,NYSE,
37484,GROUP ONE TRADING, L.P.,731,NOBO,
37484,GROUP ONE TRADING, L.P.,731,PHLX,
816,CREDIT SUISSE SECURITIES (USA) LLC,74,PEARL,
19714,BARCLAYS CAPITAL INC.,74,BOX,
116797,CITADEL SECURITIES LLC,74,PEARLEQ,
7654,UBS SECURITIES LLC,742,BOX,
35874,SUSQUEHANNA SECURITIES, LLC,742,PHLX,
7897,INSTINET, LLC,75,PEARLEQ,
36418,INTERACTIVE BROKERS LLC,75,PEARL,
361,GOLDMAN SACHS & CO. LLC,750,BOX,
37484,GROUP ONE TRADING, L.P.,750,NOBO,
37484,GROUP ONE TRADING, L.P.,750,PHLX,
79,J.P. MORGAN SECURITIES LLC,76,PEARL,
18377,ROSENBLATT SECURITIES INC.,76,NYSE,
116571,TRADEBOT SYSTEMS, INC.,76,PEARLEQ,
18377,ROSENBLATT SECURITIES INC.,761,NYSE,
132605,BELVEDERE TRADING LLC,761,NOBO,
128351,SG AMERICAS SECURITIES, LLC,762,BOX,
149224,GTS SECURITIES LLC,762,NOBO,
106124,JUMP TRADING, LLC,77,PEARLEQ,
126407,GLOBAL EXECUTION BROKERS, LP,77,PEARL,
16139,MERRILL LYNCH PROFESSIONAL CLEARING CORP.,78,PEARL,
154717,TIGRESS FINANCIAL PARTNERS, LLC,78,NYSE,
31194,RBC CAPITAL MARKETS, LLC,795,BOX,
47768,FERRETTI GROUP, INC.,795,NYSE,
153585,SIMPLEX TRADING, LLC,795,PHLX,
8209,MORGAN STANLEY & CO. LLC,8,PEARLEQ,
14020,ABN AMRO CLEARING CHICAGO LLC,8,BOX,
35874,SUSQUEHANNA SECURITIES, LLC,8,MIAMI,
116797,CITADEL SECURITIES LLC,8,EMLD,
145994,PENSERRA SECURITIES, LLC,8,CHX,
153585,SIMPLEX TRADING, LLC,8,PEARL,
361,GOLDMAN SACHS & CO. LLC,810,BOX,
128351,SG AMERICAS SECURITIES, LLC,810,NOM,
133849,MERIDIAN EQUITY PARTNERS, INC.,810,NYSE,
31730,CUTLER GROUP, LLC,827,NOM,
39289,QUATTRO M SECURITIES INC.,827,NYSE,
19714,BARCLAYS CAPITAL INC.,83,PEARL,
149823,VIRTU AMERICAS LLC,83,NYSE,
361,GOLDMAN SACHS & CO. LLC,840,BOX,
136196,WALLEYE TRADING LLC,840,NOM,
32754,MARK J. MULLER EQUITIES, INC.,865,NYSE,
35874,SUSQUEHANNA SECURITIES, LLC,865,PHLX,
47768,FERRETTI GROUP, INC.,896,NYSE,
153585,SIMPLEX TRADING, LLC,896,NOM,
361,GOLDMAN SACHS & CO. LLC,9,BOX,
29337,SAL EQUITY TRADING, GP,9,PEARLEQ,
35874,SUSQUEHANNA SECURITIES, LLC,9,MIAMI,
104143,IMC FINANCIAL MARKETS,9,EMLD,
153585,SIMPLEX TRADING, LLC,9,PEARL,
39944,BAY CREST PARTNERS, LLC,904,NYSE,
43773,PEAK6 CAPITAL MANAGEMENT LLC,904,BOX,
153585,SIMPLEX TRADING, LLC,904,NOM,
19714,BARCLAYS CAPITAL INC.,91,PEARL,
46300,TJM INVESTMENTS, LLC,91,NYSE,
116797,CITADEL SECURITIES LLC,910,BOX,
153585,SIMPLEX TRADING, LLC,910,NOM,
18377,ROSENBLATT SECURITIES INC.,913,NYSE,
153585,SIMPLEX TRADING, LLC,913,NOM,
116797,CITADEL SECURITIES LLC,916,BOX,
153585,SIMPLEX TRADING, LLC,916,NOM,
32889,PRIME EXECUTIONS, INC.,923,NYSE,
159283,CLEAR STREET MARKETS LLC,923,NOM,
159283,CLEAR STREET MARKETS LLC,923,PHLX,
13071,APEX CLEARING CORPORATION,924,PHLX,
32889,PRIME EXECUTIONS, INC.,924,NYSE,
793,STIFEL, NICOLAUS & COMPANY, INCORPORATED,929,ISE,
793,STIFEL, NICOLAUS & COMPANY, INCORPORATED,929,PHLX,
149021,WELLINGTON SHIELDS & CO., LLC,929,NYSE,
38455,MATRIX EXECUTIONS, LLC,938,BOX,
134284,RQD* CLEARING, LLC,938,GEMX,
134284,RQD* CLEARING, LLC,938,ISE,
134284,RQD* CLEARING, LLC,938,MRX,
134284,RQD* CLEARING, LLC,938,NOBO,
134284,RQD* CLEARING, LLC,938,NOM,
134284,RQD* CLEARING, LLC,938,PHLX,
2525,DEUTSCHE BANK SECURITIES INC.,94,BOX,
104031,DASH FINANCIAL TECHNOLOGIES LLC,94,PEARL,
126407,GLOBAL EXECUTION BROKERS, LP,956,PHLX,
149021,WELLINGTON SHIELDS & CO., LLC,956,NYSE,
130030,TRADEMAS INC.,971,NYSE,
136196,WALLEYE TRADING LLC,971,ISE,
136196,WALLEYE TRADING LLC,971,PHLX,
31730,CUTLER GROUP, LLC,975,NOM,
148960,TWO SIGMA SECURITIES, LLC,975,BOX,
35874,SUSQUEHANNA SECURITIES, LLC,982,ISE,
35874,SUSQUEHANNA SECURITIES, LLC,982,PHLX,
120719,WOLVERINE EXECUTION SERVICES, LLC,982,BOX,
126407,GLOBAL EXECUTION BROKERS, LP,983,BOX,
150063,VOLANT LIQUIDITY, LLC,983,ISE,
150063,VOLANT LIQUIDITY, LLC,983,MRX,
150063,VOLANT LIQUIDITY, LLC,983,NOM,
150063,VOLANT LIQUIDITY, LLC,983,PHLX,
33038,DRIVEWEALTH INSTITUTIONAL LLC,985,NYSE,
134159,JANE STREET OPTIONS, LLC,985,BOX,
103782,JANE STREET CAPITAL, LLC,986,BOX,
132605,BELVEDERE TRADING LLC,986,GEMX,
104143,IMC FINANCIAL MARKETS,989,BOX,
148960,TWO SIGMA SECURITIES, LLC,989,NOBO,
126292,WELLS FARGO SECURITIES, LLC,99,PEARL,
133849,MERIDIAN EQUITY PARTNERS, INC.,99,NYSE,
14020,ABN AMRO CLEARING CHICAGO LLC,ABNA,ISE,
151796,ABN AMRO SECURITIES (USA) LLC,ABNA,FINRA,Y
14020,ABN AMRO CLEARING CHICAGO LLC,ABNB,ISE,
151796,ABN AMRO SECURITIES (USA) LLC,ABNB,FINRA,
46585,FEF DISTRIBUTORS, LLC,ASBS,FINRA,
159041,AKUNA SECURITIES LLC,ASBS,CBOE,
28269,TRADITION SECURITIES AND DERIVATIVES LLC,ASEA,GEMX,
28269,TRADITION SECURITIES AND DERIVATIVES LLC,ASEA,ISE,
159041,AKUNA SECURITIES LLC,ASEA,CBOE,
28269,TRADITION SECURITIES AND DERIVATIVES LLC,ASEB,GEMX,
28269,TRADITION SECURITIES AND DERIVATIVES LLC,ASEB,ISE,
159041,AKUNA SECURITIES LLC,ASEB,CBOE,
39944,BAY CREST PARTNERS, LLC,BABD,FINRA,
39944,BAY CREST PARTNERS, LLC,BABD,NSDQ,
39944,BAY CREST PARTNERS, LLC,BABD,NYSE,
283942,BOFA SECURITIES, INC.,BABD,ISE,
15794,BNP PARIBAS SECURITIES CORP.,BNPA,ISE,
104031,DASH FINANCIAL TECHNOLOGIES LLC,BNPA,BZXOP,
31730,CUTLER GROUP, LLC,BZXP,NSDQ,
36848,WOLVERINE TRADING, LLC,BZXP,BZX,
134,CANTOR FITZGERALD & CO.,CANA,ISE,
1020,CANACCORD GENUITY LLC,CANA,CHX,
1020,CANACCORD GENUITY LLC,CANA,FINRA,
1020,CANACCORD GENUITY LLC,CANA,NSDQ,
7059,CITIGROUP GLOBAL MARKETS INC.,CIT,PHLX,
116797,CITADEL SECURITIES LLC,CIT,NYSE,
7059,CITIGROUP GLOBAL MARKETS INC.,CITI,BX,
7059,CITIGROUP GLOBAL MARKETS INC.,CITI,FINRA,
7059,CITIGROUP GLOBAL MARKETS INC.,CITI,NSDQ,
7059,CITIGROUP GLOBAL MARKETS INC.,CITI,PSX,
116797,CITADEL SECURITIES LLC,CITI,PHLX,
16168,COMPASS SECURITIES CORPORATION,CMPS,FINRA,
134284,RQD* CLEARING, LLC,CMPS,BZXOP,
134284,RQD* CLEARING, LLC,CMPS,C2,
134284,RQD* CLEARING, LLC,CMPS,CBOE,
134284,RQD* CLEARING, LLC,CMPS,EDGXOP,
7616,COWEN AND COMPANY,COWN,AMER,Y
7616,COWEN AND COMPANY,COWN,ARCA,Y
7616,COWEN AND COMPANY,COWN,ARCAOP,Y
7616,COWEN AND COMPANY,COWN,BX,Y
7616,COWEN AND COMPANY,COWN,BYX,Y
7616,COWEN AND COMPANY,COWN,BZX,Y
7616,COWEN AND COMPANY,COWN,CHX,Y
7616,COWEN AND COMPANY,COWN,EDGA,Y
7616,COWEN AND COMPANY,COWN,EDGX,Y
7616,COWEN AND COMPANY,COWN,FINRA,Y
7616,COWEN AND COMPANY,COWN,IEX,Y
7616,COWEN AND COMPANY,COWN,LTSE,Y
7616,COWEN AND COMPANY,COWN,MEMX,Y
7616,COWEN AND COMPANY,COWN,NSDQ,Y
7616,COWEN AND COMPANY,COWN,NSX,Y
7616,COWEN AND COMPANY,COWN,NYSE,Y
7616,COWEN AND COMPANY,COWN,PEARLEQ,Y
7616,COWEN AND COMPANY,COWN,PSX,Y
13041,NATIONAL FINANCIAL SERVICES LLC,COWN,NOBO,
161724,CRITO CAPITAL LLC,CRIT,FINRA,Y
165071,CRITICAL TRADING, LLC,CRIT,CHX,
44597,CTC, LLC,CTBA,BZXOP,
44597,CTC, LLC,CTBA,C2,
44597,CTC, LLC,CTBA,CBOE,
116797,CITADEL SECURITIES LLC,CTBA,ISE,
7059,CITIGROUP GLOBAL MARKETS INC.,CTC,NYSE,
44597,CTC, LLC,CTC,CHX,
5864,DARWOOD ASSOCIATES INCORPORATED,DARA,FINRA,Y
140802,BOLT-X LLC,DARA,ISE,
3255,ST. GERMAIN SECURITIES, INC.,DJST,FINRA,Y
103782,JANE STREET CAPITAL, LLC,DJST,LTSE,
31470,D & D SECURITIES, INC.,DNDD,CHX,
38455,MATRIX EXECUTIONS, LLC,DNDD,ISE,
47215,SECURITIES EQUITY GROUP,DOVE,FINRA,Y
104143,IMC FINANCIAL MARKETS,DOVE,CBOE,
45908,DRW SECURITIES, L.L.C.,DRWI,MRX,
290408,DRW EXECUTION SERVICES, LLC,DRWI,ARCA,
290408,DRW EXECUTION SERVICES, LLC,DRWI,BX,
290408,DRW EXECUTION SERVICES, LLC,DRWI,BYX,
290408,DRW EXECUTION SERVICES, LLC,DRWI,BZX,
290408,DRW EXECUTION SERVICES, LLC,DRWI,EDGA,
290408,DRW EXECUTION SERVICES, LLC,DRWI,EDGX,
290408,DRW EXECUTION SERVICES, LLC,DRWI,FINRA,
290408,DRW EXECUTION SERVICES, LLC,DRWI,NSDQ,
290408,DRW EXECUTION SERVICES, LLC,DRWI,PSX,
45908,DRW SECURITIES, L.L.C.,DRWW,CBOE,
165429,DRIVEWEALTH, LLC,DRWW,FINRA,
19662,DEALERWEB INC.,EAHS,FINRA,
113892,BLUEFIN CAPITAL MANAGEMENT, LLC,EAHS,BZXOP,
113892,BLUEFIN CAPITAL MANAGEMENT, LLC,EAHS,CBOE,
15794,BNP PARIBAS SECURITIES CORP.,EBSB,NOBO,
15794,BNP PARIBAS SECURITIES CORP.,EBSB,NOM,
15794,BNP PARIBAS SECURITIES CORP.,EBSB,PHLX,
104031,DASH FINANCIAL TECHNOLOGIES LLC,EBSB,ISE,
2347,JEFFERIES LLC,EBSJ,NOBO,
2347,JEFFERIES LLC,EBSJ,NOM,
2347,JEFFERIES LLC,EBSJ,PHLX,
104031,DASH FINANCIAL TECHNOLOGIES LLC,EBSJ,GEMX,
31194,RBC CAPITAL MARKETS, LLC,EBSR,NOM,
31194,RBC CAPITAL MARKETS, LLC,EBSR,PHLX,
104031,DASH FINANCIAL TECHNOLOGIES LLC,EBSR,BZXOP,
104031,DASH FINANCIAL TECHNOLOGIES LLC,EBSW,BZXOP,
126292,WELLS FARGO SECURITIES, LLC,EBSW,NOBO,
126292,WELLS FARGO SECURITIES, LLC,EBSW,NOM,
126292,WELLS FARGO SECURITIES, LLC,EBSW,PHLX,
7616,COWEN AND COMPANY,ECUT,BX,
7616,COWEN AND COMPANY,ECUT,BYX,
7616,COWEN AND COMPANY,ECUT,BZX,
7616,COWEN AND COMPANY,ECUT,CHX,
7616,COWEN AND COMPANY,ECUT,EDGA,
7616,COWEN AND COMPANY,ECUT,EDGX,
7616,COWEN AND COMPANY,ECUT,FINRA,
7616,COWEN AND COMPANY,ECUT,NSDQ,
7616,COWEN AND COMPANY,ECUT,PSX,
14020,ABN AMRO CLEARING CHICAGO LLC,ECUT,NOBO,
134284,RQD* CLEARING, LLC,ERB,PHLX,
146122,ELECTRONIC TRANSACTION CLEARING, INC.,ERB,NYSE,
79,J.P. MORGAN SECURITIES LLC,FAMV,PHLX,
1785,FAMILY INVESTORS COMPANY,FAMV,FINRA,Y
816,CREDIT SUISSE SECURITIES (USA) LLC,FBC,NYSE,
283942,BOFA SECURITIES, INC.,FBC,PHLX,
816,CREDIT SUISSE SECURITIES (USA) LLC,FBCP,CHX,
134284,RQD* CLEARING, LLC,FBCP,PHLX,
4297,NOMURA SECURITIES INTERNATIONAL, INC.,FBN,PHLX,
18315,FBN SECURITIES, INC.,FBN,CHX,
18315,FBN SECURITIES, INC.,FBNS,FINRA,
18315,FBN SECURITIES, INC.,FBNS,NSDQ,
19616,WELLS FARGO CLEARING SERVICES, LLC,FBNS,PHLX,
877,WEDBUSH SECURITIES INC.,FCAP,PHLX,
126292,WELLS FARGO SECURITIES, LLC,FCAP,CHX,
7059,CITIGROUP GLOBAL MARKETS INC.,FCIT,PHLX,
44430,FIRST CITIZENS INVESTOR SERVICES, INC.,FCIT,FINRA,Y
38455,MATRIX EXECUTIONS, LLC,FCST,PHLX,
45993,STONEX FINANCIAL INC.,FCST,CHX,
45993,STONEX FINANCIAL INC.,FCST,FINRA,
45993,STONEX FINANCIAL INC.,FCST,NSDQ,
134284,RQD* CLEARING, LLC,FERN,PHLX,
174133,FEARNLEY SECURITIES,FERN,FINRA,Y
158399,FGC SECURITIES, LLC,FGCS,CHX,Y
158399,FGC SECURITIES, LLC,FGCS,FINRA,Y
283942,BOFA SECURITIES, INC.,FGCS,PHLX,
13041,NATIONAL FINANCIAL SERVICES LLC,FIDC,ISE,
17507,FIDELITY DISTRIBUTORS COMPANY LLC,FIDC,FINRA,
2347,JEFFERIES LLC,FJRF,PHLX,
127836,PARITER SECURITIES, LLC,FJRF,FINRA,Y
8209,MORGAN STANLEY & CO. LLC,FMG,PHLX,
283942,BOFA SECURITIES, INC.,FMG,NYSE,
137662,SYNAPSE BROKERAGE LLC,FMVP,FINRA,
283942,BOFA SECURITIES, INC.,FMVP,PHLX,
16139,MERRILL LYNCH PROFESSIONAL CLEARING CORP.,FOPT,PHLX,
128030,OPTIVER US LLC,FOPT,CBOE,
7560,PERSHING LLC,FPRS,PHLX,
133994,SEACAP SECURITIES LLC,FPRS,FINRA,
31194,RBC CAPITAL MARKETS, LLC,FRCM,PHLX,
39978,SWISS RE CAPITAL MARKETS CORPORATION,FRCM,FINRA,
7461,FSC SECURITIES CORPORATION,FSCN,FINRA,Y
283942,BOFA SECURITIES, INC.,FSCN,PHLX,
27851,AURIA SERVICES CORP.,FSTN,FINRA,
104031,DASH FINANCIAL TECHNOLOGIES LLC,FSTN,PHLX,
8174,UBS FINANCIAL SERVICES INC.,FXA,PHLX,
19616,WELLS FARGO CLEARING SERVICES, LLC,FXA,NYSE,
361,GOLDMAN SACHS & CO. LLC,GEB,NYSE,
126407,GLOBAL EXECUTION BROKERS, LP,GEB,PHLX,
35874,SUSQUEHANNA SECURITIES, LLC,GEBB,NOBO,
126407,GLOBAL EXECUTION BROKERS, LP,GEBB,ARCA,Y
126407,GLOBAL EXECUTION BROKERS, LP,GEBB,BX,Y
126407,GLOBAL EXECUTION BROKERS, LP,GEBB,CHX,Y
126407,GLOBAL EXECUTION BROKERS, LP,GEBB,GEMX,Y
126407,GLOBAL EXECUTION BROKERS, LP,GEBB,IEX,Y
126407,GLOBAL EXECUTION BROKERS, LP,GEBB,ISE,Y
126407,GLOBAL EXECUTION BROKERS, LP,GEBB,MEMX,Y
126407,GLOBAL EXECUTION BROKERS, LP,GEBB,NSDQ,Y
126407,GLOBAL EXECUTION BROKERS, LP,GEBB,NSX,Y
126407,GLOBAL EXECUTION BROKERS, LP,GEBB,PEARLEQ,Y
126407,GLOBAL EXECUTION BROKERS, LP,GEBB,PSX,Y
19982,GFI SECURITIES LLC,GFIS,ARCA,Y
19982,GFI SECURITIES LLC,GFIS,CHX,Y
19982,GFI SECURITIES LLC,GFIS,FINRA,Y
19982,GFI SECURITIES LLC,GFIS,NSDQ,Y
104031,DASH FINANCIAL TECHNOLOGIES LLC,GFIS,ISE,
361,GOLDMAN SACHS & CO. LLC,GLDF,GEMX,
361,GOLDMAN SACHS & CO. LLC,GLDF,ISE,
128030,OPTIVER US LLC,GLDF,C2,
361,GOLDMAN SACHS & CO. LLC,GLDN,GEMX,
361,GOLDMAN SACHS & CO. LLC,GLDN,ISE,
103767,MARATHON CAPITAL MARKETS, LLC,GLDN,FINRA,
149224,GTS SECURITIES LLC,GTSN,BZXOP,
149224,GTS SECURITIES LLC,GTSN,C2,
149224,GTS SECURITIES LLC,GTSN,CBOE,
149224,GTS SECURITIES LLC,GTSN,EDGXOP,
306364,GTS EXECUTION SERVICES LLC,GTSN,FINRA,
306364,GTS EXECUTION SERVICES LLC,GTSN,NYSE,
149224,GTS SECURITIES LLC,GTSO,CBOE,
306364,GTS EXECUTION SERVICES LLC,GTSO,FINRA,
306364,GTS EXECUTION SERVICES LLC,GTSO,NYSE,
149224,GTS SECURITIES LLC,GTSP,CBOE,
306364,GTS EXECUTION SERVICES LLC,GTSP,FINRA,
306364,GTS EXECUTION SERVICES LLC,GTSP,NYSE,
149224,GTS SECURITIES LLC,GTSS,NYSE,
306364,GTS EXECUTION SERVICES LLC,GTSS,FINRA,
13041,NATIONAL FINANCIAL SERVICES LLC,IBF,PHLX,
131487,INDUSTRIAL AND COMMERCIAL BANK OF CHINA FINANCIAL SERVICES LLC,IBF,NYSE,
38455,MATRIX EXECUTIONS, LLC,ITGF,MRX,
149823,VIRTU AMERICAS LLC,ITGF,BX,
149823,VIRTU AMERICAS LLC,ITGF,FINRA,
149823,VIRTU AMERICAS LLC,ITGF,NSDQ,
149823,VIRTU AMERICAS LLC,ITGF,PSX,
38455,MATRIX EXECUTIONS, LLC,JAKS,ISE,
47866,J.A.K. SECURITIES, INC.,JAKS,CHX,
103782,JANE STREET CAPITAL, LLC,JANE,BX,
103782,JANE STREET CAPITAL, LLC,JANE,FINRA,
103782,JANE STREET CAPITAL, LLC,JANE,NSDQ,
103782,JANE STREET CAPITAL, LLC,JANE,PSX,
134159,JANE STREET OPTIONS, LLC,JANE,PHLX,
167280,JANE STREET EXECUTION SERVICES, LLC,JANE,CHX,
2347,JEFFERIES LLC,JEFM,GEMX,
2347,JEFFERIES LLC,JEFM,ISE,
41282,THE JEFFREY MATTHEWS FINANCIAL GROUP, L.L.C.,JEFM,FINRA,
38455,MATRIX EXECUTIONS, LLC,JPDS,ISE,
284131,JP DERIVATIVES, LLC,JPDS,CHX,
79,J.P. MORGAN SECURITIES LLC,JPMA,ISE,
102920,J.P. MORGAN INSTITUTIONAL INVESTMENTS INC.,JPMA,FINRA,
3526,J. STREICHER & CO. L.L.C.,JSCO,AMER,Y
3526,J. STREICHER & CO. L.L.C.,JSCO,FINRA,Y
134159,JANE STREET OPTIONS, LLC,JSCO,NOM,
22208,JMP SECURITIES LLC,JUMP,FINRA,
22208,JMP SECURITIES LLC,JUMP,NSDQ,
106124,JUMP TRADING, LLC,JUMP,CHX,
33100,KEYSTONE TRADING PARTNERS,KEYS,CHX,
44856,ARETE WEALTH MANAGEMENT, LLC,KEYS,FINRA,Y
34381,LAKESHORE SECURITIES, L.P.,LS,CHX,
39944,BAY CREST PARTNERS, LLC,LS,NYSE,
112386,ASHTON STEWART & CO., INC.,MATR,FINRA,
165584,MARATHON TRADING GROUP LLC,MATR,CBOE,
38455,MATRIX EXECUTIONS, LLC,MATX,BZXOP,
38455,MATRIX EXECUTIONS, LLC,MATX,C2,
38455,MATRIX EXECUTIONS, LLC,MATX,CBOE,
38455,MATRIX EXECUTIONS, LLC,MATX,CHX,
38455,MATRIX EXECUTIONS, LLC,MATX,EDGXOP,
159715,MATRIX 360 DISTRIBUTORS, LLC,MATX,FINRA,
46561,MARCO POLO SECURITIES INC.,MPSC,FINRA,
161014,E D & F MAN CAPITAL MARKETS INC.,MPSC,ISE,
8209,MORGAN STANLEY & CO. LLC,MSCB,NYSE,
16976,MAINE SECURITIES CORPORATION,MSCB,FINRA,Y
8209,MORGAN STANLEY & CO. LLC,MSCF,BZXOP,
114212,BROADRIDGE BUSINESS PROCESS OUTSOURCING, LLC,MSCF,FINRA,
816,CREDIT SUISSE SECURITIES (USA) LLC,NAV,PHLX,
36418,INTERACTIVE BROKERS LLC,NAV,NYSE,
816,CREDIT SUISSE SECURITIES (USA) LLC,NAW,PHLX,
36418,INTERACTIVE BROKERS LLC,NAW,NYSE,
7059,CITIGROUP GLOBAL MARKETS INC.,ONEC,BX,
7059,CITI-ONE ATS,ONEC,FINRA,
7059,CITIGROUP GLOBAL MARKETS INC.,ONEC,NSDQ,
7059,CITIGROUP GLOBAL MARKETS INC.,ONEC,PSX,
37484,GROUP ONE TRADING, L.P.,ONEC,MRX,
128030,OPTIVER US LLC,OPTJ,ISE,
149823,VIRTU AMERICAS LLC,OPTJ,BZXOP,
149823,VIRTU AMERICAS LLC,OPTJ,C2,
149823,VIRTU AMERICAS LLC,OPTJ,CBOE,
149823,VIRTU AMERICAS LLC,OPTJ,EDGXOP,
128030,OPTIVER US LLC,OPTM,NOM,
149823,VIRTU AMERICAS LLC,OPTM,BZXOP,
149823,VIRTU AMERICAS LLC,OPTM,C2,
149823,VIRTU AMERICAS LLC,OPTM,CBOE,
149823,VIRTU AMERICAS LLC,OPTM,EDGXOP,
128030,OPTIVER US LLC,OPTN,NOM,
149823,VIRTU AMERICAS LLC,OPTN,BZXOP,
149823,VIRTU AMERICAS LLC,OPTN,C2,
149823,VIRTU AMERICAS LLC,OPTN,CBOE,
149823,VIRTU AMERICAS LLC,OPTN,EDGXOP,
128030,OPTIVER US LLC,OPTY,BZXOP,
128030,OPTIVER US LLC,OPTY,C2,
313329,OPTIONALITY SECURITIES,OPTY,FINRA,Y
7560,PERSHING LLC,PERC,ISE,
41813,PERCIVAL FINANCIAL PARTNERS, LTD.,PERC,FINRA,Y
16139,MERRILL LYNCH PROFESSIONAL CLEARING CORP.,PRGP,BX,
16139,MERRILL LYNCH PROFESSIONAL CLEARING CORP.,PRGP,FINRA,
16139,MERRILL LYNCH PROFESSIONAL CLEARING CORP.,PRGP,NSDQ,
16139,MERRILL LYNCH PROFESSIONAL CLEARING CORP.,PRGP,PSX,
37484,GROUP ONE TRADING, L.P.,PRGP,CHX,
15708,CONCOURSE FINANCIAL GROUP SECURITIES, INC.,PROE,FINRA,Y
16139,MERRILL LYNCH PROFESSIONAL CLEARING CORP.,PROE,ISE,
7654,UBS SECURITIES LLC,PWJC,ISE,
8174,UBS FINANCIAL SERVICES INC.,PWJC,AMER,Y
8174,UBS FINANCIAL SERVICES INC.,PWJC,ARCA,Y
8174,UBS FINANCIAL SERVICES INC.,PWJC,ARCAOP,Y
8174,UBS FINANCIAL SERVICES INC.,PWJC,CBOE,Y
8174,UBS FINANCIAL SERVICES INC.,PWJC,CHX,Y
8174,UBS FINANCIAL SERVICES INC.,PWJC,FINRA,Y
8174,UBS FINANCIAL SERVICES INC.,PWJC,NSDQ,Y
8174,UBS FINANCIAL SERVICES INC.,PWJC,NYSE,Y
8174,UBS FINANCIAL SERVICES INC.,PWJC,PHLX,Y
7691,MERRILL LYNCH, PIERCE, FENNER & SMITH INCORPORATED,RFA,NYSE,
305963,RFA SECURITIES LLC,RFA,CHX,
705,RAYMOND JAMES & ASSOCIATES, INC.,RJAA,ISE,
169131,RICHARD JAMES & ASSOCIATES, INC.,RJAA,FINRA,
30107,STATE STREET GLOBAL ADVISORS FUNDS DISTRIBUTORS, LLC,SGFD,FINRA,
128351,SG AMERICAS SECURITIES, LLC,SGFD,PHLX,
31977,SHINHAN INVESTMENT AMERICA INC.,SSAI,FINRA,
35874,SUSQUEHANNA SECURITIES, LLC,SSAI,C2,
35874,SUSQUEHANNA SECURITIES, LLC,SSI,NOBO,
159283,CLEAR STREET MARKETS LLC,SSI,NYSE,
793,STIFEL, NICOLAUS & COMPANY, INCORPORATED,STC,NYSE,
104031,DASH FINANCIAL TECHNOLOGIES LLC,STC,ISE,
793,STIFEL, NICOLAUS & COMPANY, INCORPORATED,STFL,AMER,Y
793,STIFEL, NICOLAUS & COMPANY, INCORPORATED,STFL,BZX,Y
793,STIFEL, NICOLAUS & COMPANY, INCORPORATED,STFL,CHX,Y
793,STIFEL, NICOLAUS & COMPANY, INCORPORATED,STFL,EDGA,Y
793,STIFEL, NICOLAUS & COMPANY, INCORPORATED,STFL,EDGX,Y
793,STIFEL, NICOLAUS & COMPANY, INCORPORATED,STFL,FINRA,Y
793,STIFEL, NICOLAUS & COMPANY, INCORPORATED,STFL,IEX,Y
793,STIFEL, NICOLAUS & COMPANY, INCORPORATED,STFL,NSDQ,Y
793,STIFEL, NICOLAUS & COMPANY, INCORPORATED,STFL,NYSE,Y
104031,DASH FINANCIAL TECHNOLOGIES LLC,STFL,ISE,
29337,SAL EQUITY TRADING, GP,SUSQ,FINRA,Y
29337,SAL EQUITY TRADING, GP,SUSQ,PEARLEQ,Y
35874,SUSQUEHANNA SECURITIES, LLC,SUSQ,CHX,
38455,MATRIX EXECUTIONS, LLC,TMAS,ISE,
130030,TRADEMAS INC.,TMAS,FINRA,
130030,TRADEMAS INC.,TMAS,NYSE,
101420,INSPEREX LLC,TWOS,FINRA,
148960,TWO SIGMA SECURITIES, LLC,TWOS,CHX,
7654,UBS SECURITIES LLC,UBSF,ISE,
8174,UBS FINANCIAL SERVICES INC.,UBSF,CBOE,
134284,RQD* CLEARING, LLC,VES,NOBO,Y
150063,VOLANT LIQUIDITY, LLC,VES,PHLX,
140345,AMERICAS EXECUTIONS, LLC,ZAND,NYSE,
147529,MCLAUGHLIN RYDER INVESTMENTS, INC.,ZAND,FINRA,Y
38455,MATRIX EXECUTIONS, LLC,ZERO,ISE,
282940,TRADEZERO AMERICA, INC.,ZERO,ARCA,Y
282940,TRADEZERO AMERICA, INC.,ZERO,BX,Y
282940,TRADEZERO AMERICA, INC.,ZERO,CHX,Y
282940,TRADEZERO AMERICA, INC.,ZERO,EDGX,Y
282940,TRADEZERO AMERICA, INC.,ZERO,FINRA,Y
282940,TRADEZERO AMERICA, INC.,ZERO,NSDQ,Y
282940,TRADEZERO AMERICA, INC.,ZERO,NYSE,Y
20221108051506,1230
